Model,Accuracy,Balanced Accuracy,F1 Macro,Predictive Performance Score,Interpretability Score,Robustness Score,Computational Cost Score,Deployment Suitability Score,Final Rank
Logistic Regression,0.330125,0.33008787391211486,0.3300246747993176,5.0,5.0,5.0,0.8333333333333333,4.375,1
Bernoulli Naive Bayes,0.325625,0.32546401812498676,0.32515535556175873,4.166666666666667,4.0,3.333333333333333,5.0,4.083333333333334,2
Random Forest Classifier,0.32725,0.32708587868846273,0.3237465838131736,3.333333333333333,3.8,4.166666666666667,2.5,3.4916666666666667,3
Extra Trees Classifier,0.33325,0.3335979493972037,0.3098885335732445,2.5,3.4,2.5,4.166666666666667,2.975,4
SGD Linear Classifier,0.331125,0.3308379919255771,0.27753636446986796,1.6666666666666665,3.6,1.6666666666666665,3.333333333333333,2.4,5
Decision Tree Classifier,0.334375,0.3323853484900839,0.250587868745553,0.8333333333333333,4.2,0.8333333333333333,1.6666666666666665,1.8,6
